"Height","a1","a2","a3"
50,10.3249,0.97123,0.06168
55,12.94731,1.65399,0.11341
60,15.56972,2.33674,0.16513
65,18.19213,3.0195,0.21686
70,20.81454,3.70226,0.26858
74,22.91247,4.24846,0.30996
80,26.05936,5.06777,0.37203
85,28.68177,5.75053,0.42376
90,31.30418,6.43328,0.47548
